#,Gender,Height,Weight,DOB,Age,Sun_Sign,CGPA,Programming_Rate,Preferred_Lang,Sim_Course,Focus,DS_Same_As_DA,Mean,Median,Sleeping_Time,Sleep_Duration,Like_Maths,Engg_First_Choice,Inst_Choice,Physical_Activity
1,Female,5'3,74,7/30/2000,19,Aquarius,8.29,3,C++,No,Data,No,6,8,11:00:00 PM,5,Yes,Yes,Doesn't matter,On daily basis
2,Male,176,62,6/4/2000,19,Gemini,8.27,4,C,No,Data,May be,6,9,1:00:00 AM,6.5,No,Yes,Doesn't matter,Once in a week
3,Male,176,62,6/4/2000,19,Gemini,8.27,4,C,No,Data,May be,6,9,1:00:00 AM,6.5,No,Yes,Doesn't matter,Once in a week
4,Female,145,60,2/21/2000,18,Don't Know,9.21,3,Python,No,Data,No,6,9,11:00:00 AM,6,Yes,Yes,Doesn't matter,Once in a week
5,Male,185,56,8/15/2000,19,Leo,8.46,4,C,No,Data,No,6,8,11:30:00 PM,8,Yes,Yes,Doesn't matter,Once in a week
6,Male,170,79,6/21/1999,19,Cancer,9.7,4,C,No,Data,No,6,8,1:30:00 AM,5,No,Yes,Female,On daily basis
7,Male,168,58,6/3/2000,19,Don't Know,7.46,2,C,No,Data,No,6,8.5,12:00:00 PM,6,Yes,Yes,Doesn't matter,On daily basis
8,Female,156,63,10/25/1999,19,Scorpio,9.42,3,C,Yes,Science,No,6,8,12:00:00 PM,7,Yes,Yes,Doesn't matter,On daily basis
9,Female,158,65,10/12/2000,18,Libra,9.17,3,C,No,Science,No,6,8,1:00:00 AM,6,Yes,Yes,Doesn't matter,On daily basis
10,Male,180.34,60,7/10/2000,19,Cancer,8.25,4,C,No,Data,No,6,8,12:30:00 AM,7,,Yes,Doesn't matter,On daily basis
11,Female,150,51,4/13/2000,18,Cancer,6.5,2,C,No,Data,May be,9,8,11:00:00 PM,6-7 ,Yes,Doesn't matter,Doesn't matter,Not so often
12,Male,165.1,64,9/10/2000,18,Virgo,8.75,4,Python,Yes,Data,No,6,8,10:30:00 PM,8,Yes,Yes,Doesn't matter,Not so often
13,Male,193,69,1/20/2018,18,Gemini,7.25,3,C,Yes,Data,May be,15,8,10:00:00 PM,8,No,Doesn't matter,Doesn't matter,Never
14,Male,183,57,9/6/2000,18,Virgo,7.94,3,Python,Yes,Data,No,6,8,12:30:00 AM,6,Yes,Yes,Doesn't matter,On daily basis
15,Male,175,70,1/8/2000,19,Capricorn,7.23,3,Python,No,Data,Yes,15,8,1:00:00 AM,5-6,Yes,Not at all,Doesn't matter,On daily basis
16,Male,175,49,12/23/1999,19,Capricorn,8.62,3,C,No,Data,May be,6,9,12:30:00 AM,6,Yes,Yes,Doesn't matter,On daily basis
17,Female,156,40,11/25/2000,18,Sagittarius,8.75,3,C,No,Data,May be,6,8,10:30:00 PM,7,Yes,Yes,Doesn't matter,On daily basis
18,Male,180,58.2,4/1/2000,19,Aries,9.52,3,C,Yes,Science,May be,6,8,11:30:00 AM,7,Yes,Doesn't matter,Doesn't matter,On daily basis
19,Female,5.4,61,12/14/2000,18,Aquarius,7.56,3,C,No,Data,May be,15,9,11:30:00 PM,7,Yes,Yes,Doesn't matter,On daily basis
20,Male,178,60,1/7/2000,18,Capricorn,7.92,4,C,No,Data,May be,6,9,12:00:00 AM,6,Yes,Yes,Doesn't matter,On daily basis
21,Male,180,67,2/14/2000,18,Aquarius,6.3,2,C++,No,Data,No,6,8,12:00:00 PM,6,No,Not at all,Doesn't matter,Once in a month
22,Male,160,80,11/25/2000,18,Sagittarius,9.54,3,Python,No,Data,May be,6,8,11:30:00 AM,7,Yes,Yes,Doesn't matter,Once in a week
23,Male,170,70,5/21/2000,19,Cancer,7.565,3,C,No,Science,May be,6,9,6:00:00 AM,9,Yes,Yes,Doesn't matter,Once in a week
24,Male,179,88,1/7/2000,19,Capricorn,6,3,C++,No,Data,No,6,8,12:00:00 AM,4,Yes,Yes,Doesn't matter,On daily basis
25,Male,182.8,58,6/10/2000,20,Scorpio,7.65,4,Python,Yes,Data,May be,6,8,11:15:00 AM,7,Yes,Yes,Doesn't matter,On daily basis
26,Male,179,57.5,7/13/2000,19,Cancer,9.19,4,Python,Yes,Data,No,6,8,12:00:00 AM,7,Yes,Yes,Doesn't matter,On daily basis
27,Male,180,54,4/19/2000,19,Aries,7.85,3,Python,No,Data,May be,6,8,10:00:00 AM,10,Yes,Yes,Doesn't matter,Once in a week
28,Female,156,46,12/24/1999,19,Capricorn,9.04,4,C,No,Data,No,6,8,11:00:00 AM,7,Yes,Yes,Doesn't matter,Not so often
29,Male,170,55,7/28/2000,19,Don't Know,8.79,4,C,No,Data,No,6,8,12:00:00 AM,7,Yes,Yes,Doesn't matter,Not so often
30,Male,168,63,10/8/1999,20,Libra,8.5,3,C++,Yes,Science,May be,6,8,2:00:00 AM,4,Yes,Yes,Doesn't matter,On daily basis
31,Male,178,68,6/26/1999,19,Capricorn,8.65,3,C,No,Data,May be,15,8,12:00:00 AM,7,Yes,Yes,Doesn't matter,On daily basis
32,Male,168,63,10/8/1999,20,Libra,8.5,3,C++,Yes,Science,May be,6,8,2:00:00 AM,4,Yes,Yes,Doesn't matter,On daily basis
33,Male,164,49,2/16/2000,19,Aquarius,8.2,3,C,Yes,Data,May be,6,8,10:00:00 AM,8,No,Yes,Doesn't matter,On daily basis
34,Male,168,63,10/8/1999,20,Libra,8.5,3,C++,Yes,Science,May be,6,8,2:00:00 AM,4,Yes,Yes,Doesn't matter,On daily basis
35,Male,179,70,8/4/2000,19,Aries,7.68,3,C++,No,Data,No,6,8,11:00:00 PM,6,Yes,Doesn't matter,Doesn't matter,On daily basis
36,Female,162,63,12/14/2000,18,Sagittarius,7.42,4,C++,No,Data,No,6,8,11:30:00 AM,6,Yes,Yes,Doesn't matter,On daily basis
37,Female,5'4,,8/13/2000,19,Leo,7.7,3,C++,No,Data,May be,6,9,11:30:00 PM,6-7,,Yes,Doesn't matter,Not so often
38,Male,177,56,5/22/2000,19,Gemini,8.32,3,C++,No,Data,No,6,5,12:30:00 AM,6,Yes,Not at all,Male,Once in a week
39,Male,156,84,6/12/2000,19,Gemini,9.21,3,C++,No,Data,No,30,9,11:00:00 PM,7,Yes,Yes,Doesn't matter,Once in a week
40,Female,160,48,8/23/2018,19,Sagittarius,8.79,2,C,No,Data,May be,8.5,8,10:00:00 PM,8,Yes,Yes,Doesn't matter,Not so often
41,Male,170,55,6/5/2000,18,Aquarius,7,3,Python,No,Data,No,6,9,11:00:00 PM,6,Yes,Not at all,Doesn't matter,Not so often
42,Female,162,60,11/25/1999,19,Sagittarius,8,4,C,No,Data,No,6,9,5:45:00 AM,6-7,Yes,Yes,Female,Not so often
43,Male,177,50,7/14/2000,19,Cancer,8.1,3,Python,No,Data,No,6,8,10:45:00 PM,8-9,No,Doesn't matter,Doesn't matter,On daily basis
44,Male,5.5,54,3/28/2000,19,Pisces,9.25,3,C,No,Data,No,6,8,11:30:00 PM,6hr,Yes,Yes,Doesn't matter,Once in a week
45,Female,153,45,7/21/2000,19,Libra,6.12,2,C,No,Data,No,15,6,11:00:00 AM,7,Yes,Yes,Doesn't matter,On daily basis
46,Male,162.5,60,1/22/2000,18,Cancer,9.96,4,Python,Yes,Science,No,6,8,10:00:00 PM,7,Yes,Yes,Doesn't matter,On daily basis
47,Male,182,81,3/14/1999,19,Capricorn,8.52,3,Python,No,Data,May be,6,8,11:00:00 PM,7,Yes,Yes,Doesn't matter,On daily basis
48,Male,178,50,7/28/1999,19,Capricorn,8.9,5,C++,Yes,Data,May be,6,8,1:00:00 AM,5,Yes,Yes,Doesn't matter,Not so often
49,Male,173,53,2/26/2000,18,Capricorn,8.32,3,C,No,Data,May be,3,8,11:30:00 PM,7,Yes,Yes,Male,Not so often
50,Male,173,62,3/22/2000,19,Aries,8.44,4,C,No,Science,May be,6,8,11:00:00 PM,7,Yes,Yes,Doesn't matter,Not so often
51,Male,180,60,12/5/1999,19,Sagittarius,6.71,2,C++,No,Data,No,6,9,1:00:00 PM,7,Yes,Yes,Doesn't matter,Once in a week
52,Female,155,55,12/13/1999,19,Sagittarius,8.23,4,Python,Yes,Science,No,6,8,10:30:00 PM,7,Yes,Yes,Doesn't matter,On daily basis
53,Male,170,68,7/7/1999,20,Don't Know,7.35,3,C,No,Data,May be,6,8,12:00:00 AM,6,Yes,Yes,Doesn't matter,On daily basis
54,Male,180,60 kgs,12/17/2000,18,Sagittarius,6,3,Python,No,Science,No,6,9,11:00:00 PM,4 - 5 hrs,No,Doesn't matter,Female,On daily basis
55,Male,167,68,4/14/2000,18,Leo,6.8,3,C,No,Science,No,6,8,12:00:00 AM,7,Yes,Yes,Doesn't matter,Never
56,Female,160,46,6/15/1999,19,Gemini,8.105,3,C,No,Data,May be,15,8,11:00:00 PM,7,Yes,Not at all,Doesn't matter,Once in a week
57,Male,175,75,3/22/2000,18,Taurus,7.04,3,C,Yes,Science,No,6,8,12:00:00 AM,7,Yes,Yes,Doesn't matter,On daily basis
58,Female,172,60,10/7/1999,18,Libra,9.71,4,C,No,Science,No,6,9,1:00:00 AM,6,Yes,Yes,Doesn't matter,Once in a week
59,Male,175,50,7/24/2000,19,Capricorn,7.8,4,C,No,Data,No,6,5,12:30:00 AM,7,Yes,Yes,Doesn't matter,Once in a week
60,Female,165,70,2/18/2000,19,Aquarius,8.13,3,C,No,Data,May be,6,9,11:00:00 PM,7,Yes,Yes,Doesn't matter,On daily basis
61,Male,178,62,10/26/2000,19,Scorpio,8.75,4,Python,Yes,Data,No,30,8,12:30:00 AM,5 and a half hours,Yes,Yes,Doesn't matter,Not so often
62,Female,0,1 billion tonne,8/6/2018,13700000000,Don't Know,0,1,None,No,Data,May be,1234567890,0987654321,2:00:00 PM,99999999999999999999999999 nano seconds,No,Not at all,Male,Never
63,Male,185,61,7/19/2000,19,Cancer,8.02,4,Python,No,Data,May be,6,9,11:00:00 PM,7,No,Doesn't matter,Doesn't matter,Once in a week
64,Male,180,66,5/11/2000,19,Taurus,7.5,4,R,Yes,Science,No,5,8,11:00:00 PM,6,No,Yes,Doesn't matter,Not so often
65,Female,160,43,10/14/2000,18,Libra,8,3,C++,No,Data,May be,15,8,12:00:00 AM,7,Yes,Yes,Doesn't matter,On daily basis
66,Female,161,51,5/26/1999,19,Gemini,9.5,4,C++,No,Data,No,5,8,12:00:00 PM,8,Yes,Yes,Doesn't matter,Once in a week
67,Male,184cm,72kg,3/8/1999,19,Pisces,7.45,3,C,No,Data,May be,6,8,11:00:00 PM,7-8hrs,Yes,Yes,Doesn't matter,On daily basis
68,Male,160,52,5/16/1999,21,Aries,7.25,3,Python,No,Science,May be,6,8,10:30:00 AM,6:00,Yes,Yes,Doesn't matter,On daily basis
69,Male,5'8,72,2/15/2018,18,Scorpio,8,4,Python,Yes,Data,No,15,8,11:00:00 PM,6,Yes,Yes,Doesn't matter,On daily basis
70,Female,177,68,10/2/1999,19,Aquarius,7.33,3,C,No,Data,No,6,8,11:00:00 PM,6,Yes,Yes,Doesn't matter,On daily basis
71,Female,160,50,8/31/1999,18,Virgo,8.96,3,Python,No,Data,May be,6,8,11:30:00 PM,6,Yes,Yes,Doesn't matter,On daily basis
72,Female,157,67,1/21/2000,19,Aquarius,9.2,2,C++,No,Data,May be,6,8,10:30:00 PM,7,Yes,Yes,Doesn't matter,On daily basis
73,Female,174,65,3/12/2000,19,Don't Know,9.5,3,C,No,Data,No,6,Data has to be orderely placed to calculate median ,10:00:00 PM,8,Yes,Yes,Doesn't matter,On daily basis
74,Female,173.736,55,1/21/2000,19,Aquarius,8.875,3,Python,No,Data,No,6,8,10:30:00 PM,8,Yes,Yes,Doesn't matter,Once in a week
75,Male,5'8,72,2/15/2018,18,Scorpio,8,4,Python,Yes,Data,No,15,8,11:00:00 PM,6,Yes,Yes,Doesn't matter,On daily basis
76,Male,171,72,9/16/1999,19,Virgo,8.43,4,Python,Yes,Data,No,6,8,11:00:00 PM,6,Yes,Yes,Doesn't matter,On daily basis
77,Male,170,75,4/7/2000,19,Aries,8.6,3,Python,No,Science,No,6,8,1:00:00 AM,5,Yes,Yes,Doesn't matter,On daily basis
78,Male,180,65,11/13/1999,19,Leo,6,3,Java,No,Science,No,15,9,10:00:00 PM,8,Yes,Yes,Doesn't matter,Not so often
79,Female,158,50,3/13/2018,19,Pisces,9.04,3,C,No,Data,No,6,9,10:30:00 PM,7,Yes,Yes,Doesn't matter,Not so often
80,Male,174,57,7/23/2000,19,Cancer,8.38,3,C++,No,Data,May be,6,9,11:30:00 PM,7,No,Doesn't matter,Doesn't matter,Once in a week
81,Female,164,69,10/24/2000,18,Pisces,8.96,3,C,No,Data,No,6,8,11:30:00 PM,5-6,Yes,Doesn't matter,Doesn't matter,On daily basis
82,Female,158.5,60,7/31/2018,19,Leo,9.5,4,Python,No,Data,No,6,8,10:00:00 PM,8,Yes,Yes,Doesn't matter,Not so often
83,Female,156,50,4/1/2000,19,Aries,8.2,3,C,No,Data,May be,6,8,12:00:00 AM,6-7,Yes,Yes,Doesn't matter,On daily basis
84,Male,179,52,12/18/2000,18.5,Sagittarius,8.4,4,C++,No,Science,No,6,8,12:30:00 AM,7,Yes,Doesn't matter,Doesn't matter,Once in a week
85,Female,100 mm,100 kg,4/1/2018,0.35,Leo,21.2,5,Lol,Yes,Science,Yes,999,999,1:01:00 AM,1,No,Doesn't matter,Doesn't matter,Never
86,Female,166,57,8/6/2018,18,Virgo,8.3,3,Python,No,Data,May be,6,8,12:00:00 PM,6,Yes,Not at all,Doesn't matter,Never
87,Male,165,56,11/6/2000,18,Scorpio,8.6,4,Java,No,Science,May be,6,9,11:00:00 PM,7,Yes,Yes,Doesn't matter,On daily basis
88,Male,165,56,5/6/2000,19,Taurus,9.3,3,Python,No,Data,May be,6,8,10:00:00 AM,7,Yes,Yes,Doesn't matter,Once in a month
89,Male,170,59,3/25/2000,19,Gemini,8.48,3,C,No,Data,No,15,8,11:30:00 PM,7 and a half,Yes,Yes,Doesn't matter,Once in a week
90,Female,156,60,6/19/2000,19,Gemini,7.7,2,C,No,Science,No,6,8,2:00:00 AM,5,Yes,Yes,Doesn't matter,Not so often
91,Female,169,58,12/25/1999,19,Capricorn,8.58,1,Python,Yes,Data,No,6,8,11:30:00 PM,7,Yes,Yes,Doesn't matter,Once in a week
92,Male,160,60,8/13/2000,18,Leo,9.15,4,C,No,Data,No,6,8,11:00:00 PM,7,Yes,Yes,Doesn't matter,On daily basis
93,Female,158,53,1/23/2000,19,Aquarius,7,1,C,No,Science,No,6,8,11:00:00 PM,6,No,Doesn't matter,Doesn't matter,On daily basis
94,Male,170,80,8/5/1999,20,Leo,8.25,3,C,No,Data,No,15,8,2:00:00 AM,5,Yes,Yes,Doesn't matter,Not so often
95,Female,156,50,3/31/2018,19,Aries,7.9,3,C,Yes,Data,No,6,8,11:00:00 PM,6,Yes,Yes,Doesn't matter,On daily basis
96,Male,158,84,11/30/2000,18,Leo,7.79,4,C,No,Data,No,6,9,8:00:00 PM,8,Yes,Yes,Doesn't matter,On daily basis
97,Male,175,80,1/28/2000,19,Aquarius,9.06,4,C++,No,Science,No,6,8,10:00:00 PM,8,Yes,Yes,Doesn't matter,Not so often
98,Female,150,43,10/13/2018,18,Gemini,6.5,3,C,No,Data,May be,6,8,12:00:00 AM,7-8,Yes,Not at all,Male,Not so often
99,Female,162,72,10/31/2000,19,Cancer,6.8,2,C,No,Data,May be,6,8,11:00:00 PM,6-7 hours ,Yes,Yes,Female,On daily basis
100,Male,167.64,54,2/23/1999,20,Pisces,7.1,3,C,No,Science,May be,6,8,11:30:00 PM,7,Yes,Yes,Doesn't matter,On daily basis
101,Male,Lol ,Lol,8/6/2018,0,Sagittarius,0.000001,1,Lol,No,Data,May be,0.0000000002,0.00000001,1:59:00 AM,999,No,Doesn't matter,Female,On daily basis
102,Male,162,58,2/27/2000,19,Don't Know,7,4,C,Yes,Data,May be,6,6,11:00:00 PM,7,Yes,Yes,Doesn't matter,Once in a month
103,Male,161,66,4/13/2000,19,Aries,8.75,4,Java,No,Data,May be,6,9,12:00:00 AM,8,Yes,Yes,Doesn't matter,On daily basis
104,Male,188,65,7/22/2000,19,Don't Know,7.58,3,Python,No,Science,May be,10,9,11:00:00 PM,7,Yes,Yes,Doesn't matter,On daily basis
105,Male,175.26,58,12/28/1999,19,Capricorn,8.355,3,Python,No,Data,No,6,8,11:00:00 PM,7,Yes,Yes,Doesn't matter,On daily basis
106,Male,182.88,43,8/2/1997,21,Pisces,9.75,3,Python,Yes,Science,No,6,8,1:00:00 AM,7,Yes,Yes,Doesn't matter,Once in a week
107,Male,174,68,11/18/2000,18,Scorpio,8.17,3,C,Yes,Data,No,6,8,11:00:00 PM,7,Yes,Yes,Doesn't matter,Once in a month
108,Male,180,56,12/26/2000,19,Capricorn,6.8,3,C,No,Data,May be,6,9,10:30:00 PM,Around 8 hours,Yes,Yes,Female,Not so often
109,Male,160,65,10/28/1999,20,Leo,9.5,1,C,No,Data,No,15,8,12:00:00 AM,7,Yes,Doesn't matter,Doesn't matter,Once in a week
110,Male,180,60,7/11/2000,18,Cancer,8.75,3,Python,No,Data,May be,6,9,11:00:00 PM,8,Yes,Yes,Doesn't matter,Once in a week
111,Male,176,77,5/20/2000,19,Don't Know,5.2,3,C,No,Data,May be,6,8,12:00:00 PM,7,Yes,Yes,Doesn't matter,On daily basis
112,Male,176,78,11/26/1999,19,Sagittarius,8.8,3,C,No,Data,May be,6,9,11:00:00 PM,7,Yes,Yes,Doesn't matter,Once in a week
113,Male,155,50,2/1/2000,18,Sagittarius,8.9,4,C,No,Data,No,6,9,11:30:00 PM,7,Yes,Yes,Doesn't matter,Not so often
114,Male,149,51,4/14/2000,19,Pisces,8.92,3,Python,No,Data,May be,6,9,11:00:00 PM,7,Yes,Yes,Doesn't matter,Not so often
115,Male,172,65,9/15/2000,18,Virgo,7.17,2,C,No,Data,May be,6,8,11:00:00 PM,6-7,Yes,Yes,Doesn't matter,Once in a week
116,Male,180,78,6/10/2000,19,Gemini,7.9,3,C++,Yes,Data,May be,6,8,12:30:00 PM,7,Yes,Yes,Doesn't matter,Once in a week
117,Male,174,72,2/27/2000,18,Pisces,8.1,2,Python,Yes,Data,No,6,8,1:00:00 AM,5.5hrs,Yes,Not at all,Doesn't matter,On daily basis
118,Male,182.88,76,8/7/1999,19,Don't Know,8.46,4,C,No,Data,May be,,15,10:00:00 PM,8,Yes,Not at all,Doesn't matter,On daily basis
119,Male,😂😂😂😂😂,😑😑😑😑😑,8/15/1947,71,Aries,33.34,5,C++,Yes,Science,No,6,8,12:00:00 AM,00,Yes,Not at all,Doesn't matter,On daily basis
120,Male,171,60,3/6/2000,19,Pisces,9.83,4,Python,No,Data,May be,6,8,11:00:00 PM,8,Yes,Yes,Doesn't matter,On daily basis
121,Male,160,60,8/13/2000,18,Leo,9.15,4,C,No,Data,No,6,8,11:00:00 PM,7,Yes,Yes,Doesn't matter,On daily basis
122,Male,172,56,7/5/2000,19,Pisces,7.88,3,C,No,Data,No,6,9,11:00:00 PM,7,Yes,Yes,Doesn't matter,Once in a week
123,Male,172,65,9/15/2000,18,Virgo,7.17,2,C,No,Data,May be,6,8,11:00:00 PM,6-7,Yes,Yes,Doesn't matter,Once in a week
124,Male,180,64,9/8/2000,18,Virgo,8.46,3,Python,No,Data,May be,6,9,1:00:00 AM,6,Yes,Yes,Doesn't matter,Not so often
125,Male,173,60,1/12/2000,18,Capricorn,9.17,5,Python,No,Data,May be,6,9,11:00:00 PM,7,Yes,Yes,Doesn't matter,Not so often
126,Male,184,68,9/24/1997,19,Capricorn,7.8,3,C,Yes,Science,No,6,8,12:00:00 PM,5,Yes,Yes,Female,On daily basis
127,Male,178,59,4/5/2000,19,Aries,9.29,4,C,No,Data,May be,6,8,11:30:00 AM,5,Yes,Doesn't matter,Doesn't matter,On daily basis
128,Male,186,85,1/12/2000,18,Pisces,9.17,4,Python,No,Data,May be,6,8,11:00:00 PM,7-8,Yes,Yes,Doesn't matter,Once in a month
129,Male,182,94,6/16/2000,19,Gemini,4,2,C,No,Data,May be,23.6,8,11:00:00 AM,6,No,Yes,Doesn't matter,Never
130,Male,170,56,10/14/2000,18,Scorpio,8.15,3,C,No,Data,May be,6,5.5,11:00:00 PM,6,Yes,Doesn't matter,Doesn't matter,Not so often
131,Male,175,62,8/25/1999,18,Virgo,8.83,4,C,No,Data,No,15,8,11:00:00 PM,7,Yes,Yes,Doesn't matter,Not so often
132,Male,160,60,8/8/1999,18,Gemini,7.46,1,C,No,Data,May be,6,9,11:00:00 PM,7,Yes,Doesn't matter,Doesn't matter,On daily basis
133,Male,160,60,8/8/1999,18,Gemini,7.46,1,C,No,Data,May be,6,9,11:00:00 PM,7,Yes,Doesn't matter,Doesn't matter,On daily basis
134,Female,164.95 cm,,9/29/2018,18,Libra,3.5,1,C,No,Data,May be,4,9,10:30:00 PM,8,Yes,Not at all,Doesn't matter,Once in a week
135,Female,168,,8/26/2000,19,Aries,8.52,2,Java,No,Data,No,7.5,8,11:00:00 PM,8,Yes,Yes,Doesn't matter,Once in a month
136,Male,178,57,1/30/2000,19,Aquarius,7.8,3,Python,No,Data,May be,6,8,12:00:00 AM,7,Yes,Yes,Doesn't matter,Once in a week
137,Male,164,54,11/18/1999,19,Libra,7,3,Python,No,Data,May be,6,8,12:00:00 PM,7,Yes,Yes,Doesn't matter,Once in a week
138,Female,165cm,50kg,11/13/2000,18,Scorpio,9.17,4,C,No,Science,No,15,9,10:00:00 PM,7,Yes,Yes,Doesn't matter,Not so often
139,Male,184,,6/19/2000,19,Gemini,8.5,2,C,No,Data,No,6,8,11:00:00 PM,8,Yes,Yes,Doesn't matter,On daily basis
140,Female,158 cm,48,7/9/2000,18,Virgo,9.25,3,C,No,Data,May be,6,8,10:30:00 PM,8,Yes,Yes,Doesn't matter,On daily basis
141,Male,172,63,3/31/2000,19,Aries,6.5,3,Python,Yes,Data,No,6,8,12:30:00 AM,7,Yes,Yes,Doesn't matter,On daily basis
142,Male,170,65,10/28/2000,18,Scorpio,9,4,Python,No,Data,May be,6,8,11:30:00 PM,6,Yes,Yes,Doesn't matter,Not so often
143,Female,150,59,4/10/2018,19,Capricorn,8.3,3,C,Yes,Data,May be,6,9,10:00:00 PM,5,Yes,Yes,Doesn't matter,On daily basis
144,Female,163,65,6/6/2018,19,Gemini,9.355,3,Python,Yes,Data,May be,6,8,12:00:00 AM,6,Yes,Yes,Doesn't matter,Once in a week
145,Female,164,49,3/29/2000,19,Leo,9.63,3,C,Yes,Data,May be,6,8,11:00:00 PM,7,Yes,Yes,Doesn't matter,Once in a week
146,Male,167,50,8/23/2000,18,Virgo,9.625,4,C,No,Data,No,6,8,12:30:00 AM,6,Yes,Yes,Doesn't matter,Once in a month
147,Female,162,45,6/27/2000,18,Aries,9,2,C,No,Data,May be,6,9,11:00:00 PM,7,Yes,Yes,Doesn't matter,Once in a week
148,Male,182,77,6/15/2000,19,Gemini,8.92,4,C,No,Data,Yes,6,9,2:00:00 AM,6,Yes,Yes,Female,Not so often
149,Male,168,55,4/13/1997,21,Aries,7,4,Python,Yes,Data,May be,6,8,1:00:00 AM,7,Yes,Yes,Doesn't matter,On daily basis
150,Male,170,53,2/18/1999,19,Aquarius,7.2,2,C,No,Data,May be,8,8,12:30:00 AM,6,No,Yes,Doesn't matter,Once in a week
151,Female,152,51,12/29/1999,19,Capricorn,8,3,C++,No,Data,No,6,9,11:00:00 PM,7,No,Yes,Doesn't matter,Once in a week
152,Male,183,79,2/25/1999,20,Pisces,8.2,1,Python,No,Data,May be,6,5.5,11:00:00 AM,6-7,Yes,Yes,Doesn't matter,On daily basis
153,Female,158,60,11/29/1999,18,Sagittarius,7.2,3,C++,No,Science,No,6,8,12:30:00 AM,6 hours,Yes,Not at all,Doesn't matter,Not so often
154,Female,164,47,7/9/1999,19,Aries,6.67,2,C,No,Science,May be,6,8,11:00:00 AM,6,Yes,Not at all,Doesn't matter,On daily basis
155,Female,158,52,12/28/1999,18,Capricorn,9.1,3,C,No,Data,No,6,9,11:30:00 PM,5 and a 1/2,Yes,Yes,Doesn't matter,Not so often
156,Male,167.85,50,8/4/2000,18,Virgo,7,2,C,No,Science,May be,6,5,1:00:00 AM,6,Yes,Yes,Doesn't matter,On daily basis
157,Male,180,70,12/23/1999,18,Capricorn,7.88,3,C,Yes,Data,May be,6,8,11:00:00 PM,7,Yes,Yes,Doesn't matter,On daily basis
158,Female,170,53,9/10/1999,18,Virgo,7.75,3,C++,No,Data,May be,6,8,11:30:00 AM,6,Yes,Not at all,Doesn't matter,Once in a month
159,Male,178,68,6/29/1999,19,Cancer,8,3,C,Yes,Data,May be,6,8,11:30:00 PM,7,Yes,Yes,Doesn't matter,Once in a week
160,Male,182,72,1/3/2000,18,Capricorn,7.75,3,C,No,Data,May be,15,8,11:00:00 PM,7,Yes,Yes,Doesn't matter,Not so often
161,Male,167.6,50,12/14/1999,18,Sagittarius,9.325,3,C,No,Data,May be,6,9,11:30:00 PM,6,Yes,Yes,Doesn't matter,On daily basis
162,Male,175,82,1/18/2000,18,Taurus,8.67,3,C,No,Data,May be,8,9,10:30:00 PM,7,Yes,Yes,Doesn't matter,Once in a week
163,Female,160,56,3/15/2000,18,Pisces,8.2,3,C,No,Data,May be,5.6,8,11:45:00 PM,7,Yes,Yes,Doesn't matter,Once in a week
164,Male,178,53,10/23/1999,18,Scorpio,8.4,4,Python,Yes,Data,May be,6,8,10:30:00 PM,8,Yes,Yes,Doesn't matter,On daily basis
165,Male,178,53,10/23/1999,18,Scorpio,8.4,4,Python,Yes,Data,May be,6,8,10:30:00 PM,8,Yes,Yes,Doesn't matter,On daily basis
166,Male,175,68,9/2/1999,19,Leo,7,2,Python,No,Data,May be,6,8,2:00:00 AM,4,No,Yes,Doesn't matter,On daily basis
167,Male,181,63,6/24/2000,18,Leo,7.73,3,Python,No,Data,May be,6,8,10:30:00 AM,8 hours,Yes,Yes,Female,Once in a week
168,Female,153,54,4/1/1999,19,Virgo,7,2,C,No,Science,May be,6,9,11:00:00 PM,8,Yes,Not at all,Doesn't matter,On daily basis
169,Male,183,61.5,12/30/2018,18,Capricorn,8.7,4,Python,Yes,Data,No,6,8,11:30:00 PM,7,No,Doesn't matter,Doesn't matter,On daily basis
170,Male,162,48,5/20/1999,20,Taurus,8.58,4,Python,Yes,Data,May be,6,8,1:00:00 AM,7,Yes,Yes,Doesn't matter,Once in a week
171,Male,175,65,7/30/1999,19,Leo,8.5,4,C,No,Data,May be,4,8,10:00:00 PM,7,Yes,Yes,Male,On daily basis
172,Male,183,56,8/6/1999,18,Virgo,8.96,3,C,No,Science,May be,,9,10:00:00 PM,10,Yes,Yes,Doesn't matter,Not so often
173,Male,185.6,82,2/9/2000,18,Pisces,7,3,Python,No,Data,May be,6,5,12:00:00 AM,7,Yes,Yes,Doesn't matter,On daily basis
174,Female,167,50,10/28/1999,19,Taurus,7.3,4,C,No,Data,No,6,8,11:00:00 AM,7,Yes,Yes,Doesn't matter,On daily basis
175,Male,176,69,10/10/1999,19,Libra,8.83,4,Java,No,Data,No,6,8,11:30:00 PM,8,Yes,Yes,Doesn't matter,Once in a week
176,Female,165cm ,45,3/27/2018,19,Cancer,8.41,3,Python,No,Science,Yes,6,8,12:00:00 AM,7,Yes,Yes,Doesn't matter,On daily basis
177,Male,175,60,5/19/1999,19,Taurus,6.4,2,C,Yes,Science,May be,6,5,11:00:00 PM,7,Yes,Yes,Male,On daily basis
178,Male,170,69,7/23/1999,19,Leo,7.58,3,C,No,Data,Yes,6,5.5,11:00:00 PM,7,Yes,Yes,Doesn't matter,On daily basis
179,Male,165,55,7/21/1999,19,Libra,9.82,4,Python,No,Science,Yes,6,8,10:30:00 PM,8,Yes,Yes,Female,Not so often
180,Male,5.9,65,5/16/1999,19,Taurus,8,4,C,No,Data,May be,,8,11:30:00 PM,7,Yes,Doesn't matter,Doesn't matter,Not so often
181,Male,170,50,9/7/1999,19,Capricorn,9.22,4,C,No,Science,No,6,8,11:00:00 PM,7,Yes,Yes,Doesn't matter,Once in a week
182,Male,185,114,12/30/1999,19,Capricorn,8.05,4,Python,No,Science,No,6,9,12:30:00 PM,6,No,Yes,Female,Not so often
183,Female,150,54,9/6/2000,19,Virgo,9.45,3,C,No,Data,May be,6,8,11 pm,7,Yes,Yes,Doesn't matter,On daily basis
184,Male,181,80,6/22/2000,19,Pisces,8.54,3,C,No,Science,No,6,8,10 pm,8,Yes,Yes,Doesn't matter,On daily basis
185,Female,164,58,9/5/1999,19,Virgo,8,3,C,No,Data,No,8,9,12 pm,5 nd a half,Yes,Yes,Male,Not so often
186,Female,170,52.5,11/18/2000,18,Scorpio,9.25,4,C,No,Data,May be,6,9,12,6.5,Yes,Yes,Doesn't matter,Once in a week
187,Female,150,40,4/19/2000,19,Aries,8.8,5,C++,No,Data,No,6,8,1:30 AM,6,Yes,Yes,Doesn't matter,Once in a week
188,Female,166,57,9/15/2000,19,Virgo,9.21,5,C++,No,Data,May be,6,8,23:30,6,Yes,Doesn't matter,Doesn't matter,Once in a week
189,Male,183 cm,62,12/16/1999,19,Sagittarius,8.4,2,Python,No,Data,May be,6,8,11,8,Yes,Not at all,Doesn't matter,Once in a month
190,Male,182,94,11/10/1999,19,Scorpio,7.75,3,C++,No,Data,May be,6,8,11,7,No,Doesn't matter,Female,Not so often
191,Male,175,80,2/23/2000,19,Don't Know,9.71,4,Python,Yes,Data,Yes,6,8,11:00 PM,7,Yes,Yes,Doesn't matter,Once in a week
192,Male,170,50,10/6/2000,18,Sagittarius,9.1,4,Python,No,Data,May be,6,8,11:30,7,Yes,Yes,Doesn't matter,Once in a week
193,Male,177,55,12/31/2000,18,Aquarius,7.5,3,Python,Yes,Science,No,11,9,Depends,May be 6,No,Yes,Doesn't matter,On daily basis
194,Male,175,55,7/9/2000,19,Libra,9.315,4,Python,No,Data,May be,6,8,11:30,7,Yes,Yes,Male,Not so often
195,Male,174,75,7/21/2000,19,Pisces,9.206,3,Python,No,Data,No,6,8,11:30,5-6,Yes,Yes,Doesn't matter,Once in a week
196,Female,161,67.2,5/12/2019,19,Leo,8.78,3,Python,No,Science,May be,23.6,8,12:00,6,Yes,Not at all,Doesn't matter,On daily basis
197,Male,182,94,11/10/1999,19,Scorpio,7.75,3,C++,No,Data,May be,6,8,11,7,No,Doesn't matter,Female,Not so often
198,Female,161,67.2,5/12/2019,19,Leo,8.78,3,Python,No,Science,May be,23.6,8,12:00,6,Yes,Not at all,Doesn't matter,On daily basis
199,Male,186.5,55,1/1/2000,19,Capricorn,8.54,5,Python,Yes,Data,No,6,8,Hard to say,7,Yes,Yes,Female,On daily basis
200,Female,150,55,4/27/2001,18,Gemini,8.75,3,C,No,Data,May be,6,30,10,7,Yes,Yes,Doesn't matter,On daily basis
201,Male,186,81,1/30/2000,19,Aquarius,8.500000012,4,Python,Yes,Data,No,6,8,Bedtime,6.783762877,Yes,Doesn't matter,Male,On daily basis
202,Male,183,,6/4/2000,19,Gemini,6.8,5,Python,Yes,Data,No,6,8,9 pm,9-10 Hrs,Yes,Yes,Doesn't matter,Once in a week
203,Male,172,48,3/28/2000,19,Scorpio,8.8,3,Python,No,Data,May be,6,8,10 pm,7,Yes,Doesn't matter,Female,Once in a week
204,Male,170,57,5/16/2000,,Taurus,9.27,2,C,No,Data,May be,6,8,11:00pm,6.5,Yes,Yes,Doesn't matter,On daily basis
205,Male,175cm,68,12/5/1999,19,Sagittarius,9.5,2,C,No,Data,May be,6,8,10:30,8,Yes,Doesn't matter,Doesn't matter,On daily basis
206,Male,183,77,3/6/2000,19,Aquarius,7.88,4,C++,No,Data,No,6,8,11:30PM,7hrs,Yes,Yes,Doesn't matter,Not so often
207,Male,180,95,12/16/1999,19,Sagittarius,9.17,3,Python,No,Science,No,6,8,2:00 AM,5,Yes,Doesn't matter,Doesn't matter,Never
208,Male,180,65,4/26/2000,19,Taurus,7.5,4,C++,No,Data,No,6,8,11:45 pm,6,Yes,Yes,Doesn't matter,Once in a week
209,Female,153,58,5/30/1999,19,Virgo,6.9,1,C++,Yes,Data,May be,6,8,9:00,7hrs,No,Doesn't matter,Doesn't matter,Never
210,Female,5'2,50,10/24/2000,29,Leo,7.02,3,C++,No,Data,May be,6,8,11,8,Yes,Yes,Doesn't matter,On daily basis
211,Male,171,53,7/8/2000,19,Cancer,7.05,3,C,No,Science,May be,6,8,11,7,Yes,Yes,Doesn't matter,Once in a week
212,Male,175cm,68,12/5/1999,19,Sagittarius,9.5,2,C,No,Data,May be,6,8,10:30,8,Yes,Doesn't matter,Doesn't matter,On daily basis
213,Male,165,50,2/27/2000,19,Pisces,8.07,3,Python,No,Science,May be,6,8,11,8hrs,Yes,Yes,Female,On daily basis
214,Female,171,53,10/9/2000,18,Libra,8.4,2,Python,No,Data,May be,6,8,11pm,6,Yes,Yes,Doesn't matter,Not so often
215,Male,175cm,68,12/5/1999,19,Sagittarius,9.5,2,C,No,Data,May be,6,8,10:30,8,Yes,Doesn't matter,Doesn't matter,On daily basis
216,Male,176,80,11/11/2000,18,Scorpio,8.1,3,Java,No,Data,No,6,8,11,6.5,Yes,Yes,Doesn't matter,Not so often
217,Male,167,65,10/9/1999,19,Aries,8.75,3,Python,No,Data,May be,6,8,12,7,Yes,Yes,Doesn't matter,Once in a week
218,Male,165.8,51,1/27/1999,19,Aquarius,8.96,5,Python,No,Data,No,6,8,6,4,Yes,Yes,Doesn't matter,On daily basis
219,Male,170,63,6/20/1999,19,Don't Know,7.3,3,Python,No,Data,No,3,8,12,5,Yes,Not at all,Doesn't matter,Not so often
220,Male,172,105,11/25/1999,19,Sagittarius,7.5,3,Python,No,Data,Yes,6,8,1,6,Yes,Yes,Doesn't matter,On daily basis
221,Male,175,80,10/29/2000,18,Scorpio,9.41,3,Python,No,Data,May be,6,8,0:15,6,Yes,Yes,Doesn't matter,Once in a week
222,Male,195,64,7/12/2000,19,Cancer,8.88,3,Python,No,Science,May be,6,8,12 am,6,Yes,Yes,Doesn't matter,On daily basis
223,Male,168,51,11/26/2000,18,Virgo,6.5,3,C,No,Science,May be,6,8,11 pm,7,Yes,Yes,Doesn't matter,Once in a week
224,Male,179,64,11/28/1999,19,Sagittarius,8,3,C,No,Data,No,6,9,11,8,Yes,Not at all,Female,On daily basis
225,Female,161,45,8/26/2000,18,Virgo,7.6,3,C,No,Data,No,6,8,11 pm,6 hrs ,Yes,Yes,Doesn't matter,Once in a week
226,Male,183,85,5/1/2000,19,Taurus,8.2,4,C++,Yes,Data,Yes,6,8,23:00,8,Yes,Yes,Doesn't matter,Not so often
227,Female,169,73,8/11/2000,18,Scorpio,7.9,2,Python,No,Data,May be,6,8,11,7,Yes,Doesn't matter,Doesn't matter,On daily basis
228,Male,183,95,4/3/2001,18,Cancer,7.5,3,Python,No,Data,May be,6,9,10:30pm,8,Yes,Yes,Doesn't matter,On daily basis
229,Male,183,85,5/1/2000,19,Taurus,8.2,4,C++,Yes,Data,Yes,6,8,23:00,8,Yes,Yes,Doesn't matter,Not so often
230,Male,168,65,11/26/2000,19,Scorpio,7.7,3,C,No,Science,May be,6,8,10 pm,8,Yes,Yes,Male,Once in a week
231,Male,183,85,5/1/2000,19,Taurus,8.2,4,C++,Yes,Data,Yes,6,8,23:00,8,Yes,Yes,Doesn't matter,Not so often
232,Male,168,64,11/4/2000,18,Scorpio,8.2,3,Python,No,Data,No,6,9,11pm,8,Yes,Yes,Doesn't matter,On daily basis
233,Male,180,84,2/12/2000,19,Leo,9.83,3,Python,Yes,Data,May be,6,8,22:00,7,Yes,Yes,Doesn't matter,On daily basis
234,Male,160,56,1/5/2000,19,Scorpio,8.5,3,C,No,Data,May be,6,9,11,7,Yes,Yes,Doesn't matter,On daily basis
235,Male,160,75,10/30/1999,19,Scorpio,6.79,4,Python,Yes,Data,No,6,8,12,5,No,Yes,Doesn't matter,On daily basis
236,Male,176,71,5/14/2000,19,Taurus,10,1,Python,No,Data,No,6,8,21:00,10,No,Doesn't matter,Female,On daily basis
237,Female,153,45,9/22/2000,18,Gemini,8.63,2,C,No,Science,May be,6,8,11,7,Yes,Doesn't matter,Doesn't matter,Once in a week
238,Male,160,90,7/2/2000,19,Leo,8.08,3,Python,No,Data,May be,6,8,22:00,6,Yes,Yes,Doesn't matter,Not so often
239,Female,165,58,10/18/2000,18,Libra,8.6,4,Python,No,Data,May be,6,8,12 midnight,5-6,Yes,Yes,Doesn't matter,Once in a week
240,Male,174,74,5/26/2000,19,Libra,9.23,4,C,Yes,Data,No,6,8,11,8,Yes,Yes,Doesn't matter,On daily basis
241,Male,160,50,2/15/2001,18,Gemini,7.45,4,Python,Yes,Data,Yes,6,8,1,6,Yes,Yes,Female,Not so often
242,Male,189,59,8/25/2000,19,Virgo,7.89,4,Python,No,Science,May be,6,8,0100,6,No,Yes,Doesn't matter,On daily basis
243,Male,170,62,4/2/2000,19,Aries,8.9,4,Python,Yes,Science,No,6,8,11,8,Yes,Yes,Doesn't matter,Once in a week
244,Male,176,82,9/13/2000,18,Virgo,7.4,3,Python,Yes,Science,May be,6,8,12 am,5,Yes,Yes,Doesn't matter,On daily basis
245,Male,187,70,1/25/2000,19,Virgo,9.5,3,Python,No,Science,May be,6,8,11,8,Yes,Doesn't matter,Doesn't matter,On daily basis
246,Male,180,55,1/7/2019,19,Capricorn,8.41,3,Java,No,Data,May be,6,8,12AM,15,Yes,Not at all,Doesn't matter,On daily basis
247,Male,175,85,10/30/2000,18,Scorpio,8,3,C,Yes,Data,No,6,8,12,7,Yes,Not at all,Doesn't matter,On daily basis
248,Male,178,78,9/4/1999,19,Virgo,8.67,4,Python,No,Data,May be,6,8,11,6,Yes,Doesn't matter,Doesn't matter,Once in a month
249,Male,169 cm,61 kg,4/27/2000,19,Taurus,7.5,2,C,No,Data,No,6,8,11 pm,8 hrs,Yes,Doesn't matter,Doesn't matter,On daily basis
250,Male,167,62,9/3/2000,18,Virgo,7.5,4,C,No,Data,May be,6,8,00:00,6,Yes,Yes,Doesn't matter,Once in a week
251,Male,165,57,2/10/2000,19,Aquarius,6.65,3,C,No,Data,No,6,8,11,6,Yes,Yes,Male,Once in a month
252,Male,158,52,6/29/2000,19,Leo,8,3,C,No,Data,No,15,4,2,4,Yes,Yes,Doesn't matter,Not so often
253,Male,150,50,7/17/2000,19,Leo,7.79,3,C,No,Data,May be,9,6,11:00 PM,6,Yes,Yes,Doesn't matter,Once in a month
254,Male,170,57,8/29/1999,19,Virgo,8.6,3,Python,Yes,Science,No,6,8,11.30 p.m.,7,Yes,Yes,Doesn't matter,On daily basis
255,Male,181,80,5/18/2000,19,Scorpio,7.56,2,C++,No,Data,No,6,8,11.3,6,No,Yes,Doesn't matter,Once in a week
256,Male,175,100,1/29/1999,20,Aquarius,8.9,3,Python,No,Data,No,6,8,1 am,6-7,Yes,Yes,Doesn't matter,Once in a week
257,Female,161,53,6/13/2000,19,Scorpio,8,3,C,No,Data,May be,6,8,12,5-6hours,Yes,Yes,Doesn't matter,Once in a week
258,Male,170,50,4/18/2000,19,Aries,9.83,4,C,No,Data,May be,6,8,22:30,8,Yes,Yes,Doesn't matter,Once in a week
259,Male,174,67,3/5/2001,18,Pisces,8.43,3,Python,Yes,Data,No,6,8,12AM,6-7,Yes,Not at all,Doesn't matter,On daily basis
260,Male,165,57,2/10/2000,19,Aquarius,6.65,3,C,No,Data,No,6,8,11,6,Yes,Yes,Male,Once in a month
261,Male,175,67,11/13/2000,18,Scorpio,8.71,3,Python,No,Science,No,6,8,11:00 PM,7,Yes,Yes,Doesn't matter,Not so often
262,Male,185,75,6/16/2000,19,Gemini,7.42,4,C++,No,Data,May be,6,8,11,7,Yes,Yes,Doesn't matter,On daily basis
263,Male,165,52,11/21/2000,18,Virgo,8.5,3,Python,Yes,Data,No,6,8,11.30pm,6,Yes,Yes,Female,Once in a week
264,Male,177.8,60,8/6/2000,19,Leo,8,4,C++,No,Science,Yes,6,8,12:30 AM,5.5-6,Yes,Yes,Doesn't matter,Once in a month
265,Female,164,43,2/23/2001,18,Pisces,8.6,2,C,No,Science,May be,6,8,11,6,No,Yes,Doesn't matter,Not so often
266,Male,183,70,6/28/2000,19,Cancer,9.21,4,Python,Yes,Science,No,6,8,11,7,Yes,Yes,Doesn't matter,Once in a week
267,Male,185,81,11/16/2000,18,Scorpio,8.4,3,C,No,Data,No,6,8,11:00 PM,7,Yes,Yes,Doesn't matter,Once in a week
268,Female,164,56,6/4/2000,19,Gemini,9.58,5,Python,Yes,Data,No,6,8,10:30 pm,8.5,Yes,Yes,Doesn't matter,Once in a week
269,Female,175,66,9/23/2019,18,Libra,7.9,4,Java,No,Science,No,6,8,12 am,6,No,Yes,Doesn't matter,Not so often
270,Male,183,61,7/1/2000,19,Cancer,7.88,3,Python,Yes,Data,No,6,8,11 pm,7,Yes,Doesn't matter,Doesn't matter,On daily basis
271,Male,186,59,2/2/2000,19,Aquarius,8.71,3,Python,No,Data,No,15,8,1:30am,5,No,Yes,Doesn't matter,Once in a week
272,Male,192,90.8,10/6/2000,18,Libra,6.5,4,Java,No,Science,No,6,8,3 a.m,4 hours,No,Yes,Female,Once in a month
273,Female,168,47,7/2/2000,19,Cancer,9.2,3,Python,No,Data,May be,6,I,11,5,Yes,Doesn't matter,Doesn't matter,Not so often
274,Female,168,60,10/10/2000,18,Aquarius,8,3,Python,No,Data,No,6,8,12:00,7,Yes,Yes,Doesn't matter,Not so often
275,Female,160,60,2/13/2001,18,Libra,9.29,3,Python,No,Data,May be,6,9,1:00 PM,7,Yes,Yes,Doesn't matter,Not so often
276,Male,180,66,3/21/2000,19,Aries,9.41,3,C,No,Data,No,6,8,11:30,8,No,Yes,Female,Once in a week
277,Male,176,78,6/27/2000,19,Cancer,9.58,5,C++,Yes,Data,No,6,8,11:29:59,6.75,Yes,Yes,Doesn't matter,On daily basis
278,Male,179,75,5/19/1999,20,Scorpio,9,3,C,No,Science,May be,6,8,11.3,7,Yes,Yes,Doesn't matter,Once in a week
279,Female,166,,12/17/2000,,Leo,8.83,3,Python,No,Data,May be,6,8,11,8,Yes,Yes,Doesn't matter,Once in a week
280,Male,165,75,12/15/1999,19,Sagittarius,8.65,3,Python,No,Science,May be,15,8,12:00 am,6,Yes,Doesn't matter,Doesn't matter,On daily basis
281,Male,186,87. 5,4/16/2001,18,Aries,9,4,Python,Yes,Data,No,6,8,11:45,6.5,Yes,Yes,Doesn't matter,On daily basis
282,Male,177,73,6/18/1999,21,Gemini,8.5,3,Python,No,Data,No,6,8,1:00 am,6,Yes,Yes,Doesn't matter,On daily basis
283,Female,165,55,7/12/2000,19,Scorpio,9,3,C,Yes,Data,No,6,8,12,7,Yes,Yes,Doesn't matter,Once in a week
284,Female,155,45,8/17/1999,20,Libra,8,2,C,No,Science,May be,6,8,10,7,Yes,Yes,Doesn't matter,Not so often
285,Female,170,52,1/9/2001,18,Capricorn,7.3,1,C++,No,Data,May be,6,8,11pm,7,Yes,Not at all,Doesn't matter,Not so often
286,Male,174,67,3/5/2001,18,Pisces,8.43,3,Python,Yes,Data,No,6,8,12AM,6-7,Yes,Not at all,Doesn't matter,On daily basis
287,Female,160,53,6/5/2000,19,Gemini,8.46,3,Python,No,Data,May be,6,9,10:00 pm,7,Yes,Yes,Female,Not so often
288,Male,192,90.8,10/6/2000,18,Libra,6.5,4,Java,No,Science,No,6,8,3 a.m,4 hours,No,Yes,Female,Once in a month
289,Male,158,48.5,3/7/2000,19,Pisces,8.355,4,Java,No,Data,May be,6,8,11:00,7,Yes,Yes,Doesn't matter,On daily basis
290,Female,159,43,10/23/2000,18,Scorpio,7.7,1,C,No,Data,May be,6,8,10:30,7,Yes,Doesn't matter,Doesn't matter,Never
291,Male,177,52,3/29/2000,19,Sagittarius,8.42,3,C,No,Data,May be,6,8,11 pm,7,Yes,Yes,Doesn't matter,On daily basis
292,Male,186,70,7/9/2001,18,Virgo,8.8,4,C,No,Data,May be,6,8,9:30,8,Yes,Not at all,Female,On daily basis
293,Male,170,57,8/29/1999,19,Virgo,8.6,3,Python,Yes,Science,No,6,8,11.30 p.m.,7,Yes,Yes,Doesn't matter,On daily basis
294,Male,175cm,80,6/5/2000,19,Gemini,6.2,3,C++,Yes,Data,May be,6,8,11,8,Yes,Yes,Doesn't matter,On daily basis
295,Male,173,60,3/26/2000,20,Cancer,7.6,2,C,No,Data,No,6,8,1:00 AM,6,Yes,Yes,Doesn't matter,Once in a week
296,Male,175cm,65,4/10/2001,18,Aries,8.42,4,Python,No,Data,No,6,8,After 11:30pm,6-7 hours,Yes,Yes,Doesn't matter,Not so often
297,Male,186,59,2/2/2000,19,Aquarius,8.71,3,Python,No,Data,No,15,8,1:30am,5,No,Yes,Doesn't matter,Once in a week
298,Male,186,59,2/2/2000,19,Aquarius,8.71,3,Python,No,Data,No,15,8,1:30am,5,No,Yes,Doesn't matter,Once in a week
299,Female,170,49,8/4/2019,17,Leo,8.1,3,C,No,Data,May be,6,8,12,7,Yes,Yes,Doesn't matter,Not so often
300,Female,170,49,8/4/2019,17,Leo,8.1,3,C,No,Data,May be,6,8,12,7,Yes,Yes,Doesn't matter,Not so often
301,Female,160,51kg,11/24/2000,18,Libra,7.3,2,Python,No,Science,May be,,9,11pm,7,Yes,Not at all,Doesn't matter,Once in a week
302,Male,167,68,8/5/1999,20,Leo,8,5,C++,No,Data,May be,15,8,10:30pm,7,Yes,Yes,Doesn't matter,On daily basis
303,Female,158,50,10/6/1999,19,Libra,6,3,Java,Yes,Data,May be,6,8,12 am,6,Yes,Doesn't matter,Doesn't matter,On daily basis
304,Male,160,45,1/6/2001,18,Taurus,7.6,3,Python,Yes,Data,May be,6,8,11:30,,,Not at all,Female,Once in a week
305,Female,160,58,9/8/2019,18,Virgo,8,1,C,No,Data,May be,6,8,10:30,,,Doesn't matter,Doesn't matter,
306,Male,180,65,1/19/2000,19,Capricorn,8.5,3,Python,No,Data,May be,6,8,10:00 pm,7,Yes,Yes,Doesn't matter,On daily basis
307,Male,180,65,1/19/2000,19,Capricorn,8.5,3,Python,No,Data,May be,6,8,10:00 pm,7,Yes,Yes,Doesn't matter,On daily basis
308,Male,180,65,1/19/2000,19,Capricorn,8.5,3,Python,No,Data,May be,6,8,10:00 pm,7,Yes,Yes,Doesn't matter,On daily basis
309,Female,159,56,3/20/2019,19,Pisces,7.5,3,Java,Yes,Science,May be,6,8,1am,6,No,Doesn't matter,Doesn't matter,On daily basis
310,Male,169,58,6/23/1999,20,Cancer,7.71,3,C,Yes,Data,May be,6,8,12,5,Yes,Yes,Female,Once in a week